Branch,Time Region
ARGNT,AMERICAS
BBOC,AMERICAS
BTCC,AMERICAS
BTHYD,AMERICAS
BTHOL,AMERICAS
BTPCC,AMERICAS
BTPRC,AMERICAS
DELCY,AMERICAS
DBEL,AMERICAS
DBGAC,AMERICAS
DBSHP,AMERICAS
DBICI,AMERICAS
DBCI1,AMERICAS
DBNY1,AMERICAS
DBCI,AMERICAS
DBIBF,AMERICAS
DBNY,AMERICAS
DBBEM,AMERICAS
DBC,AMERICAS
DBMSV,AMERICAS
DBPCC,AMERICAS
DBPWM,AMERICAS
DBSP,AMERICAS
DBBA,AMERICAS
DBSU,AMERICAS
BTIBF,AMERICAS
BTC,AMERICAS
DEL,AMERICAS
BTNY,AMERICAS
IBF,AMERICAS
SSGMM,AMERICAS
BTI,LONDON
BTJER,LONDON
BTPAR,LONDON
BTTOK,LONDON
MGCO,LONDON
AMSBK,LONDON
DBJHB,LONDON
DBLON,LONDON
LON,LONDON
MGHF,LONDON
MGLAF,LONDON
SPV1,ASIA-PAC
CCC,ASIA-PAC
CSIC,ASIA-PAC
SPV2,ASIA-PAC
DBIA,ASIA-PAC
DEHG,ASIA-PAC
DAL,ASIA-PAC
DBBJ,ASIA-PAC
DBCQ,ASIA-PAC
DBGZ,ASIA-PAC
DBQD,ASIA-PAC
DBSH,ASIA-PAC
DBTJ,ASIA-PAC
DBKL,ASIA-PAC
DBBK,ASIA-PAC
DBHC,ASIA-PAC
DBHK,ASIA-PAC
DBJK,ASIA-PAC
DBLB,ASIA-PAC
DBMN,ASIA-PAC
DBBM,ASIA-PAC
DBNZ,ASIA-PAC
DBSL,ASIA-PAC
DBSW,ASIA-PAC
DBSG,ASIA-PAC
DBSUR,ASIA-PAC
DBSYD,ASIA-PAC
DBOBU,ASIA-PAC
DSOBU,ASIA-PAC
DBTP,ASIA-PAC
DBTOK,ASIA-PAC
SPV10,ASIA-PAC
SPV4,ASIA-PAC
SPV5,ASIA-PAC
SPV8,ASIA-PAC
SPV9,ASIA-PAC
SPV7,ASIA-PAC
SPV3,ASIA-PAC
SPV6,ASIA-PAC
DBBUD,LUX
DBAM,LUX
DBBR,LUX
DBESS,LUX
DBVNA,LUX
DBLBR,LUX
DBPAR,LUX
DBPR,LUX
DBLUX,LUX
DBMAN,LUX
DBWAR,LUX
DBMAD,LUX
DBMIL,LUX
DBAD,ASIA-PAC
DBAHD,ASIA-PAC
DBAMD,ASIA-PAC
DBBG,ASIA-PAC
DBCH,ASIA-PAC
DBCL,ASIA-PAC
CLOBU,ASIA-PAC
DBHYD,ASIA-PAC
DBIB,ASIA-PAC
DBKA,ASIA-PAC
DBKO,ASIA-PAC
DBLH,ASIA-PAC
DBMB,ASIA-PAC
DBND,ASIA-PAC
DBPN,ASIA-PAC
DBRIY,ASIA-PAC
DIIPL,ASIA-PAC
DBTOR,AMERICAS
